name,commitId
4.0.0,92e28b6e79a3f0ec02b662ea90c0a0d41b9dfc84
4.1.0,d867700500eed6404c2f2f54f1ebe7b385d067ab
4.2.0,5ef2f7e21497e73ae26811dd483097599926a93a
4.2.1,6af8f6e4824aacc01b218882fdd0360b0884b6e7
4.2.2,16c7a1c3da07952a329f75fea95f43563d6173f0
4.2.3,9cccf3dee85874f28573dfa99c076e445091c21a
4.3.0,9474696ffcaf073f086838d6cce19c1b8245bff3
4.3.1,de41dbb2332b7345f8362247d5b8389ec81399fa
4.3.2,86538192a08b8629e9c1487dcc9afae95a51705f
4.4.0,8bb39b187d1b681cf88651b825933d046545d34d
4.5.0,865919788ab3fa422b109acb53a44ff95e19801e
4.5.1,3ea2b388b5ef02622312fe08e6935a5f9c655e00
4.6.0,92b438cac4caf7fb312f8d8e7b2538f6dcbbfdba
