id,commitId
0.9.0,f37d9f8d615cae73b620186f930a49dd0e402be2
0.9.6,16f78782dd4bd189a15d1d1d13b7045872411a91
0.9.7,a99763cf63446fac33964fbf7ce6244de54e1deb
1.0.0,953df22c39958570aecb6e2ccda1533d46f173a6
1.0.1,2895819d406139b89d90f3a6ab650180560e03bd
1.0.2,c457053f9459293915fb41d1cdea09e014a0175d
1.0.3,8cfa25c524d914ce02eef0df7435c8199931ff32
1.0.4,7569f437dbee125c690ea52cc817d81356099294
1.1.0,11f4d0d7ad451519c662521d289c3853eb2cd61b
1.2.0,ffb59c35fcd7b8d6adf658bc794bcaff465ced32
1.2.1,ff8d46578c84df4b581976a24d51970275845497
1.2.2,7f66117b5aa372d6ec7179b2a1edd47ed46efbe3
1.2.3,8b75df3c9bf992d5b93cb2c5f0e81470860eaa1f
2.0.0-beta,b3a931f4b0994d539e2e2dca98fa3a6a6914ee65
2.0.0,f35802f702a37f5d610c968ac3e1270ec669b741
2.0.0-M1,30b7c05468a0b82d3c13856aec3316bf990e236a
2.0.0-M2,d87574922602087faeff641fddf3f135440e9f00
2.0.0-beta2,d96883f5029fdca609a5871e1641433a01ec72e3
2.0.0-M3,bc1139791261b505ab6774ed02169db4a33bc8a7
2.0.0-beta3,3df86b0e95cf008678785f5dd8671ab1154dad1c
2.0.1,7569f437dbee125c690ea52cc817d81356099294
2.1.0,54980303924747fdb44cdc7ecc2177b8fa58e5a0
2.1.1,03f054f8c958f64239642df2bedebae05359f37c
2.2.0,4d1e1bc8df87d8ed08835b68d0bc8e53dd8dd75e
2.2.1,2980c1901e31114fcd53d204b0786cf1d6ea3494
2.2.2,1869a7b07ef17e5dfa39649c34b89cf7287ba36d
2.3.0,28cad3351c57ff519c4a50107e8b84d0e1e96753
2.4.0,52350081377724d5145f059b4da9e5525470ba7a
2.4.1,07e28229519cead427ff2cd8b7e05a566c07f7f7
2.4.2,635dd436cf12d83d40f73fa2b9ac77780e085de8
2.4.3,ffe3fe4a5051632d15973a0084767612ab22ad17
3.0.0,ffe3fe4a5051632d15973a0084767612ab22ad17
3.1.0,9f26ed29bf31b5c8ab68c5257d42e8c88765cf9b
3.1.1,6a3395dc795e3f356f11039caaebdca3bf8c373b
3.1.2,f18f28b63302afeff8d4934719f66962adbf33a4
3.2.0,ba985ac8c7c1a02b2b999ff33567910bf536cb66
3.2.1,468a4538fa0446dd24da3916f92041163540385e
3.2.2,641dfd947ecde452816c2af7ea26c8673d3a140a
4.0.0,65eab774b3d41f978174a8777018e0f1c105d996
4.0.1,80a8b7712faa377838cb0276918bad6db59abe85
4.1.0,6e3be85a703df0d2ae733cf66e7557d8759f496b
4.1.1,3c2bae980d3c79eb1e664d54218c9f0d0fdf20a5
